{"cameraMode":{"drawMode":0,"name":"Shaded","section":"Shading Mode"},"sceneLighting":false,"audioPlay":false,"sceneViewState":{"showFog":false,"showMaterialUpdate":false,"showSkybox":false,"showFlares":false,"showImageEffects":false,"showParticleSystems":true},"in2DMode":false,"pivot":{"x":-0.2105753868818283,"y":0.5453414916992188,"z":-0.20361661911010743},"rotation":{"x":-0.19243690371513368,"y":0.04031503200531006,"z":-0.0079148318618536,"w":-0.9804596304893494},"size":8.219788551330567,"orthographic":false}