{"cameraMode":{"drawMode":0,"name":"Shaded","section":"Shading Mode"},"sceneLighting":true,"audioPlay":false,"sceneViewState":{"showFog":false,"showMaterialUpdate":false,"showSkybox":false,"showFlares":false,"showImageEffects":false,"showParticleSystems":true},"in2DMode":false,"pivot":{"x":-5.807166576385498,"y":-8.13912582397461,"z":-0.39101797342300417},"rotation":{"x":0.6544062495231628,"y":-0.002268583280965686,"z":0.0019631297327578069,"w":0.7561405897140503},"size":72.78643798828125,"orthographic":false}